<?xml version="1.0" encoding="UTF-8"?>

<!-- 
 * PopulateDatabase.xml
 *
 * Copyright (C) 2014 Universidad de Sevilla
 * 
 * The use of this project is hereby constrained to the conditions of the 
 * TDG Licence, a copy of which you may download from 
 * http://www.tdg-seville.info/License.html
 -->

<beans xmlns="http://www.springframework.org/schema/beans"
	xmlns:xsi="http://www.w3.org/2001/XMLSchema-instance"
	xsi:schemaLocation="
		http://www.springframework.org/schema/beans http://www.springframework.org/schema/beans/spring-beans.xsd
	">
		<!-- User accounts -->

	<bean id="userAccount1" class="security.UserAccount">
		<property name="username" value="admin" />
		<property name="password" value="21232f297a57a5a743894a0e4a801fc3" />
		<property name="authorities">
			<list>
				<bean class="security.Authority">
					<property name="authority" value="ADMIN" />
				</bean>
			</list>
		</property>
	</bean>

	<bean id="userAccount2" class="security.UserAccount">
		<property name="username" value="consumer1" />
		<property name="password" value="4ee9c60cc32e6615c3c45dc6822c45de" />
		<property name="authorities">
			<list>
				<bean class="security.Authority">
					<property name="authority" value="CONSUMER" />
				</bean>
			</list>
		</property>
	</bean>

	<bean id="userAccount3" class="security.UserAccount">
		<property name="username" value="consumer2" />
		<property name="password" value="4ca80127919a65aace84bc96346c5bc4" />
		<property name="authorities">
			<list>
				<bean class="security.Authority">
					<property name="authority" value="CONSUMER" />
				</bean>
			</list>
		</property>
	</bean>
	
	<bean id="userAccount4" class="security.UserAccount">
		<property name="username" value="clerk1" />
		<property name="password" value="72121c039f48bb6241c94332cadc945e" />
		<property name="authorities">
			<list>
				<bean class="security.Authority">
					<property name="authority" value="CLERK" />
				</bean>
			</list>
		</property>
	</bean>
	
	
	<bean id="userAccount5" class="security.UserAccount">
		<property name="username" value="clerk2" />
		<property name="password" value="331c8a338939ee7853c1e66182673242" />
		<property name="authorities">
			<list>
				<bean class="security.Authority">
					<property name="authority" value="CLERK" />
				</bean>
			</list>
		</property>
	</bean>
	
		<bean id="userAccount6" class="security.UserAccount">
		<property name="username" value="admin1" />
		<property name="password" value="21232f297a57a5a743894a0e4a801fc3" />
		<property name="authorities">
			<list>
				<bean class="security.Authority">
					<property name="authority" value="ADMIN" />
				</bean>
			</list>
		</property>
	</bean>
	<bean id="userAccount7" class="security.UserAccount">
		<property name="username" value="consumer123" />
		<property name="password" value="21232f297a57a5a743894a0e4a801fc3" />
		<property name="authorities">
			<list>
				<bean class="security.Authority">
					<property name="authority" value="CONSUMER" />
				</bean>
			</list>
		</property>
	</bean>
	<bean id="userAccount8" class="security.UserAccount">
		<property name="username" value="clerk3" />
		<property name="password" value="21232f297a57a5a743894a0e4a801fc3" />
		<property name="authorities">
			<list>
				<bean class="security.Authority">
					<property name="authority" value="CLERK" />
				</bean>
			</list>
		</property>
	</bean>
	
	
	<!-- Other domain beans come here -->	
	<bean id="category1" class="domain.Category">
	<property name="name" value="Category 1" />
	<property name="description" value="Description 1" />
	<property name="picture" value="" />
</bean>

<bean id="category2" class="domain.Category">
	<property name="name" value="Category 2" />
	<property name="description" value="Description 2" />
	<property name="picture" value="http://peruf5.com/zapatos/documentos/productos/zapatos_monkstrap.jpg" />
</bean>

<bean id="category3" class="domain.Category">
	<property name="name" value="Category 3" />
	<property name="description" value="Description 3" />
	<property name="picture" value="" />
</bean>
	
	
<bean id="orderItem1" class="domain.OrderItem">
	<property name="sku" value="ab-aaaa" />
	<property name="name" value="Item 1" />
	<property name="description" value="Description 1" />
	<property name="price" value="22" />
	<property name="picture" value="http://peruf5.com/zapatos/documentos/productos/zapatos_monkstrap.jpg" />
	<property name="tag" value="Tag 1" />
	<property name="quantity" value="1" />
	
</bean>

<bean id="orderItem2" class="domain.OrderItem">
	<property name="sku" value="bb-aaaa" />
	<property name="name" value="Item 2" />
	<property name="description" value="Order Description 2" />
	<property name="price" value="15" />
	<property name="picture" value="http://peruf5.com/zapatos/documentos/productos/zapatos_monkstrap.jpg" />
	<property name="tag" value="Order Tag 2" />
	<property name="quantity" value="1" />

</bean>

<bean id="orderItem3" class="domain.OrderItem">
	<property name="sku" value="bb-aaaa" />
	<property name="name" value="Item 2" />
	<property name="description" value="Order Description 3" />
	<property name="price" value="15" />
	<property name="picture" value="http://peruf5.com/zapatos/documentos/productos/zapatos_monkstrap.jpg" />
	<property name="tag" value="Order Tag 3" />
	<property name="quantity" value="1" />

</bean>

<bean id="orderItem4" class="domain.OrderItem">
	<property name="sku" value="cb-aaaa" />
	<property name="name" value="Item 3" />
	<property name="description" value="Description 3" />
	<property name="price" value="54" />
	<property name="picture" value="http://peruf5.com/zapatos/documentos/productos/zapatos_monkstrap.jpg" />
	<property name="tag" value="Tag 3" />
	<property name="quantity" value="1" />
	
</bean>
	<bean id="orderItem5" class="domain.OrderItem">
	<property name="sku" value="bb-cdaa" />
	<property name="name" value="Item 5" />
	<property name="description" value="Order Description 5" />
	<property name="price" value="25" />
	<property name="picture" value="http://peruf5.com/zapatos/documentos/productos/zapatos_monkstrap.jpg" />
	<property name="tag" value="Order Tag 5" />
	<property name="quantity" value="3" />

</bean>
<bean id="orderItem6" class="domain.OrderItem">
	<property name="sku" value="bb-mbna" />
	<property name="name" value="Item 6" />
	<property name="description" value="Order Description 6" />
	<property name="price" value="65" />
	<property name="picture" value="http://peruf5.com/zapatos/documentos/productos/zapatos_monkstrap.jpg" />
	<property name="tag" value="Order Tag 6" />
	<property name="quantity" value="2" />

</bean>
<bean id="creditCard1" class="domain.CreditCard">
	<property name="brandName" value="Brand Name 1" />
	<property name="holderName" value="Holder Name 1" />
	<property name="number" value="4916410161778424" />
	<property name="expeditionMonth" value="11" />
	<property name="expeditionYear" value="1999" />
	<property name="cvvCode" value="103" />
</bean>

<bean id="creditCard2" class="domain.CreditCard">
	<property name="brandName" value="Brand Name 2" />
	<property name="holderName" value="Holder Name 2" />
	<property name="number" value="4916410161778424" />
	<property name="expeditionMonth" value="07" />
	<property name="expeditionYear" value="2010" />
	<property name="cvvCode" value="619" />
</bean>

	<bean id="tax1" class="domain.Tax">
	<property name="name" value="Tax1" />
	<property name="percent" value="20" />
</bean>

<bean id="tax2" class="domain.Tax">
	<property name="name" value="Tax2" />
	<property name="percent" value="10" />
</bean>
<bean id="tax3" class="domain.Tax">
	<property name="name" value="TaxTest" />
	<property name="percent" value="10" />
</bean>
<bean id="tax4" class="domain.Tax">
	<property name="name" value="Tax4" />
	<property name="percent" value="50" />
</bean>
<bean id="tax5" class="domain.Tax">
	<property name="name" value="Tax5" />
	<property name="percent" value="65" />
</bean>
<bean id="tax6" class="domain.Tax">
	<property name="name" value="Tax6" />
	<property name="percent" value="21" />
</bean>

<bean id="customization1" class="domain.Customization">
	<property name="name" value="name1" />
	<property name="description" value="description1" />
	<property name="logo" value="http://peruf5.com/zapatos/documentos/productos/zapatos_monkstrap.jpg"/>
	<property name="welcomeMessage" value="welcomeMessage1"/>
</bean>

<bean id="customization2" class="domain.Customization">
	<property name="name" value="name2" />
	<property name="description" value="description2" />
	<property name="logo" value="http://peruf5.com/zapatos/documentos/productos/zapatos_monkstrap.jpg"/>
	<property name="welcomeMessage" value="welcomeMessage2"/>
</bean>

<bean id="customization3" class="domain.Customization">
	<property name="name" value="name3" />
	<property name="description" value="description3" />
	<property name="logo" value="http://peruf5.com/zapatos/documentos/productos/zapatos_monkstrap.jpg"/>
	<property name="welcomeMessage" value="welcomeMessage3"/>
</bean>
<bean id="customization4" class="domain.Customization">
	<property name="name" value="name4" />
	<property name="description" value="description4" />
	<property name="logo" value="http://peruf5.com/zapatos/documentos/productos/zapatos_monkstrap.jpg"/>
	<property name="welcomeMessage" value="welcomeMessage4"/>
</bean>
<bean id="systemFolder1" class="domain.SystemFolder">
	
	<property name="name" value="JoJo's Folder" />
	
	
	<property name="message" ref="message1" />
		
	
</bean>
<bean id="systemFolder2" class="domain.SystemFolder">
	
	<property name="name" value="DIO's Folder" />
	
	
	<property name="message" ref="message2" />
		
	</bean>
	<bean id="systemFolder3" class="domain.SystemFolder">

<property name="name" value="Zeppeli's Folder" />

</bean>



<bean id="message1" class="domain.Message">
	<property name="sender" value="user1" />
	<property name="recipient" value="user2" />
	<property name="subject" value="subject1" />
	<property name="body" value="body1" />
	<property name="sentMoment" value="01/02/2015 23:59" />
	<property name="systemFolder" ref="systemFolder1" />
</bean>

<bean id="message2" class="domain.Message">
	<property name="sender" value="user2" />
	<property name="recipient" value="user1" />
	<property name="subject" value="subject2" />
	<property name="body" value="body2" />
	<property name="sentMoment" value="02/02/2015 23:59" />
	<property name="systemFolder" ref="systemFolder2" />
</bean>

<bean id="message3" class="domain.Message">
	<property name="sender" value="user3" />
	<property name="recipient" value="user2" />
	<property name="subject" value="subject3" />
	<property name="body" value="body3" />
	<property name="sentMoment" value="03/02/2015 23:59" />
	<property name="systemFolder" ref="systemFolder2" />
</bean>



<bean id="item1" class="domain.Item">
	<property name="sku" value="ab-aaaa" />
	<property name="name" value="Item 1" />
	<property name="description" value="Description 1" />
	<property name="price" value="22" />
	<property name="picture" value="http://peruf5.com/zapatos/documentos/productos/zapatos_monkstrap.jpg" />
	<property name="tag" value="Tag 1" />
	<property name="category" ref="category1" />
	<property name="tax" ref="tax1" />	
	<property name="comment">
		<list>
			<ref bean="comment1" />
		</list>
	</property>
	<property name="unitsSold" value="1" />
</bean>

<bean id="item2" class="domain.Item">
	<property name="sku" value="bb-aaaa" />
	<property name="name" value="Item 2" />
	<property name="description" value="Description 2" />
	<property name="price" value="21" />
	<property name="picture" value="http://peruf5.com/zapatos/documentos/productos/zapatos_monkstrap.jpg" />
	<property name="tag" value="Tag 2" />
	<property name="category" ref="category2" />
	<property name="tax" ref="tax2" />	
	<property name="comment">
		<list>
			<ref bean="comment2" />
		</list>
	</property>
	<property name="unitsSold" value="2" />
</bean>

<bean id="item3" class="domain.Item">
	<property name="sku" value="cb-aaaa" />
	<property name="name" value="Item 3" />
	<property name="description" value="Description 3" />
	<property name="price" value="54" />
	<property name="picture" value="http://peruf5.com/zapatos/documentos/productos/zapatos_monkstrap.jpg" />
	<property name="tag" value="Tag 3" />
	<property name="category" ref="category1" />
	<property name="tax" ref="tax1" />	
	<property name="comment">
		<list>
			<ref bean="comment3" />
			<ref bean="comment4" />
		</list>
	</property>
	<property name="unitsSold" value="1" />
</bean>
<bean id="item4" class="domain.Item">
	<property name="sku" value="cb-atre" />
	<property name="name" value="Item 4" />
	<property name="description" value="Description 4" />
	<property name="price" value="94" />
	<property name="picture" value="http://peruf5.com/zapatos/documentos/productos/zapatos_monkstrap.jpg" />
	<property name="tag" value="Tag 4" />
	<property name="category" ref="category2" />
	<property name="tax" ref="tax2" />	
	<property name="comment">
		<list>

		</list>
	</property>
	<property name="unitsSold" value="1" />
</bean>
<bean id="item5" class="domain.Item">
	<property name="sku" value="gb-aasa" />
	<property name="name" value="Item 5" />
	<property name="description" value="Description 5" />
	<property name="price" value="54" />
	<property name="picture" value="http://peruf5.com/zapatos/documentos/productos/zapatos_monkstrap.jpg" />
	<property name="tag" value="Tag 5" />
	<property name="category" ref="category1" />
	<property name="tax" ref="tax1" />	
	<property name="comment">
		<list>
			<ref bean="comment3" />
			<ref bean="comment1" />
		</list>
	</property>
	<property name="unitsSold" value="1" />
</bean>
<bean id="item6" class="domain.Item">
	<property name="sku" value="cb-olre" />
	<property name="name" value="Item 6" />
	<property name="description" value="Description 6" />
	<property name="price" value="12" />
	<property name="picture" value="http://peruf5.com/zapatos/documentos/productos/zapatos_monkstrap.jpg" />
	<property name="tag" value="Tag 1" />
	<property name="category" ref="category1" />
	<property name="tax" ref="tax1" />	
	<property name="comment">
		<list>
			<ref bean="comment1" />
			<ref bean="comment2" />
		</list>
	</property>
	<property name="unitsSold" value="10" />
</bean>
<bean id="shoppingCartComment1" class="domain.ShoppingCartComment">
	<property name="comment" value="Probando, probando" />
</bean>
<bean id="shoppingCartItem1" class="domain.ShoppingCartItem">
	<property name="sku" value="ab-aaaa" />
	<property name="name" value="Item 1" />
	<property name="description" value="Description 1" />
	<property name="price" value="22" />
	<property name="picture" value="http://peruf5.com/zapatos/documentos/productos/zapatos_monkstrap.jpg" />
	<property name="tag" value="Tag 1" />
	<property name="quantity" value="1" />
</bean>

<bean id="shoppingCartItem2" class="domain.ShoppingCartItem">
	<property name="sku" value="bb-aaaa" />
	<property name="name" value="Item 2" />
	<property name="description" value="Description 2" />
	<property name="price" value="21" />
	<property name="picture" value="http://peruf5.com/zapatos/documentos/productos/zapatos_monkstrap.jpg" />
	<property name="tag" value="Tag 2" />
	<property name="quantity" value="1" />
</bean>

<bean id="shoppingCartItem3" class="domain.ShoppingCartItem">
	<property name="sku" value="cb-aaaa" />
	<property name="name" value="Item 3" />
	<property name="description" value="Description 3" />
	<property name="price" value="54" />
	<property name="picture" value="http://peruf5.com/zapatos/documentos/productos/zapatos_monkstrap.jpg" />
	<property name="tag" value="Tag 3" />
	<property name="quantity" value="1" />
</bean>

<bean id="shoppingCart1" class="domain.ShoppingCart">
	<property name="comment">
	<list>
	
	</list>
	
	</property>
	
	<property name="item">
	<list>
	<ref bean="shoppingCartItem1" />
	
	</list>
	
	</property>
</bean>



<bean id="shoppingCart2" class="domain.ShoppingCart">
	<property name="comment">
	<list>
	<ref bean="shoppingCartComment1" />
	
	</list>
	
	</property>
	
		<property name="item">
	<list>
	<ref bean="shoppingCartItem2" />
	
	</list>
	
	</property>
</bean>

<bean id="shoppingCart3" class="domain.ShoppingCart">
	<property name="comment">
	<list>
	
	</list>
	
	</property>
		<property name="item">
	<list>
	
	</list>
	
	</property>
</bean>
<bean id="shoppingCart4" class="domain.ShoppingCart">
	<property name="comment">
	<list>
	
	</list>
	
	</property>
	
	<property name="item">
	
	<list>
	
	</list>
	
	</property>
</bean>


<bean id="consumer1" class="domain.Consumer">
	<property name="name" value="Consumer 1" />
	<property name="surname" value="Surname1" />
	<property name="email" value="email1@us.es" />
	<property name="phone" value="999999999" />
	<property name="userAccount" ref="userAccount1" />
	<property name="comment">
		<list>
			<ref bean="comment1" />
			<ref bean="comment2" />
		</list>
	</property>
	<property name="shoppingCart" ref="shoppingCart1" />
	<property name="customization" ref="customization1" />
	<property name="order">
		<list>
			<ref bean="order1" />
		</list>
	</property>
</bean>

<bean id="consumer2" class="domain.Consumer">
	<property name="name" value="Consumer 2" />
	<property name="surname" value="Surname2" />
	<property name="email" value="email2@us.es" />
	<property name="phone" value="999988999" />
	<property name="userAccount" ref="userAccount2" />
	<property name="systemFolder" ref="systemFolder3" />
	<property name="comment">
		<list>
			<ref bean="comment1" />
			<ref bean="comment3" />
			<ref bean="comment4" />
			
		</list>
	</property>
	<property name="shoppingCart" ref="shoppingCart2" />
	<property name="customization" ref="customization2" />
	<property name="order">
		<list>
			
			<ref bean="order2" />
			<ref bean="order3" />
		</list>
	</property>
</bean>
<bean id="consumer3" class="domain.Consumer">
	<property name="name" value="Consumer 3" />
	<property name="surname" value="Surname3" />
	<property name="email" value="email3@us.es" />
	<property name="phone" value="999999998" />
	<property name="userAccount" ref="userAccount3" />
	<property name="comment">
		<list>

		</list>
	</property>
	<property name="shoppingCart" ref="shoppingCart3" />
	<property name="customization" ref="customization4" />
	<property name="order">
		<list>

		</list>
	</property>
</bean>




<bean id="comment1" class="domain.Comment">
	<property name="userName" value="User1" />
	<property name="title" value="Title 1" />
	<property name="text" value="Text 1" />
	<property name="rating" value="3" />
	<property name="item" ref="item1" />
	<property name="consumer" ref="consumer1" />
</bean>

<bean id="comment2" class="domain.Comment">
	<property name="userName" value="User2" />
	<property name="title" value="Title 2" />
	<property name="text" value="Text 2" />
	<property name="rating" value="4" />
	<property name="item" ref="item2" />
	<property name="consumer" ref="consumer2" />
</bean>

<bean id="comment3" class="domain.Comment">
	<property name="userName" value="User2" />
	<property name="title" value="Title 3" />
	<property name="text" value="Text 3" />
	<property name="rating" value="4" />
	<property name="item" ref="item3" />
	<property name="consumer" ref="consumer2" />
</bean>

<bean id="comment4" class="domain.Comment">
	<property name="userName" value="User2" />
	<property name="title" value="Title 4" />
	<property name="text" value="Text 4" />
	<property name="rating" value="4" />
	<property name="item" ref="item3" />
	<property name="consumer" ref="consumer2" />
</bean>

<bean id="comment5" class="domain.Comment">
	<property name="userName" value="User1" />
	<property name="title" value="Title 5" />
	<property name="text" value="Text 5" />
	<property name="rating" value="2" />
	<property name="item" ref="item4" />
	<property name="consumer" ref="consumer2" />
</bean>
<bean id="comment6" class="domain.Comment">
	<property name="userName" value="User1" />
	<property name="title" value="Title 6" />
	<property name="text" value="Text 6" />
	<property name="rating" value="4" />
	<property name="item" ref="item1" />
	<property name="consumer" ref="consumer1" />
</bean>
<bean id="clerk1" class="domain.Clerk">
	
	<property name="name" value="Jonathan" />
	<property name="surname" value="Joestar" />
	<property name="email" value="sono_chi_no_sadame@hotmail.com" />
	<property name="phone" value="+34 956 12 34 56" />

	<property name="userAccount" ref="userAccount4" />
	<property name="orders">
		<list>
		
		<ref bean="order1"/>	
	</list>
	
	</property>
	
</bean>
<bean id="clerk2" class="domain.Clerk">
	
	<property name="name" value="Jotaro" />
	<property name="surname" value="Kujo" />
	<property name="email" value="star_platinum_the_world@hotmail.com" />
	<property name="phone" value="+34 956 12 34 56" />

	<property name="userAccount" ref="userAccount5" />
	<property name="orders">
		<list>
		
		<ref bean="order2"/>
	
	</list>
	
	</property>
	
</bean>

<bean id="clerk3" class="domain.Clerk">
	
	<property name="name" value="Joe" />
	<property name="surname" value="Jostar" />
	<property name="email" value="clerk3@hotmail.com" />
	<property name="phone" value="+34 956 12 34 56" />

	<property name="userAccount" ref="userAccount8" />
	<property name="orders">
		<list>
	</list>
	
	</property>
	
</bean>

<bean id="order1" class="domain.Order">
	<property name="ticker" value="010101-aaaa" />
	<property name="placementMoment" value="01/02/2014 10:00" />
	<property name="name" value="Order 1" />
	<property name="address" value="C/ Order 1" />
	<property name="deliverMoment" ><null/></property>
	<property name="cancelMoment" value="11/11/2015 10:00" />
		<property name="comments">
		<list>
		<value>Comentario1</value>
		<value>Comentario2</value>
	
	</list>
	
	</property>
	<property name="creditCard" ref="creditCard1"/>
		<property name="orderItems">
		<list>
		
		<ref bean="orderItem2"/>
	
	</list>
	
	</property>
	<property name="clerk" ref="clerk1" /> 
	<property name="consumer" ref="consumer1"/>
	
</bean>

<bean id="order2" class="domain.Order">
	<property name="ticker" value="111111-w3r4" />
	<property name="placementMoment" value="01/12/2014 10:00" />
	<property name="name" value="Order 2" />
	<property name="address" value="C/ Order 17" />
	<property name="deliverMoment" value="01/02/2015 10:00" />
	<property name="cancelMoment" ><null/></property>	
	<property name="comments">
		<list>
		<value>Comentario1</value>
		<value>Comentario2</value>
	
	</list>
	
	</property>
	<property name="creditCard" ref="creditCard2"/>
		<property name="orderItems">
		<list>
		<ref bean="orderItem1"/>
	
	
	</list>
	
	</property>
	<property name="clerk" ref="clerk2" /> 
	<property name="consumer" ref="consumer2"/>
	
</bean>

<bean id="order3" class="domain.Order">
	<property name="ticker" value="111311-w3r4" />
	<property name="placementMoment" value="01/12/2014 10:00" />
	<property name="name" value="Order3" />
	<property name="address" value="C/ Order 17" />
	<property name="deliverMoment" value="01/02/2015 10:00"/>
	<property name="cancelMoment"><null/></property>	
	<property name="comments">
		<list>
		<value>Comentario1</value>
		<value>Comentario2</value>
	
	</list>
	
	</property>
	<property name="creditCard" ref="creditCard2"/>
		<property name="orderItems">
		<list>
		<ref bean="orderItem3"/>
		<ref bean="orderItem4"/>
	
	
	</list>
	
	</property>
	<property name="clerk"> <null/></property> 
	<property name="consumer" ref="consumer2"/>
	
</bean>
<bean id="order4" class="domain.Order">
	<property name="ticker" value="010221-aaaa" />
	<property name="placementMoment" value="01/02/2014 10:00" />
	<property name="name" value="Order 4" />
	<property name="address" value="C/ Order 4" />
	<property name="deliverMoment" ><null/></property>
	<property name="cancelMoment"><null/></property>
		<property name="comments">
		<list>	
	</list>	
	</property>
	<property name="creditCard" ref="creditCard1"/>
		<property name="orderItems">
		<list>	
	</list>	
	</property>
	<property name="clerk"><null/></property>
	<property name="consumer" ref="consumer1"/>
</bean>

<bean id="warehouse1" class="domain.Warehouse">
	<property name="name" value="Warehouse 1" />
	<property name="address" value="Address 1" />	
	<property name="items">
		<list>
		<ref bean="item1" />
	
	
	</list>
	
	</property>
	
	
	<property name="stores">
		<list>
		<ref bean="stores1" />
	
	
	</list>
	
	</property>
	
	
	
</bean>
<bean id="order5" class="domain.Order">
	<property name="ticker" value="010221-plaa" />
	<property name="placementMoment" value="04/03/2014 10:00" />
	<property name="name" value="Order 5" />
	<property name="address" value="C/ Order 5" />
	<property name="deliverMoment" ><null/></property>
	<property name="cancelMoment"><null/></property>
		<property name="comments">
		<list>	
	</list>	
	</property>
	<property name="creditCard" ref="creditCard1"/>
		<property name="orderItems">
		<list>	
	</list>	
	</property>
	<property name="clerk"><null/></property>
	<property name="consumer" ref="consumer1"/>
</bean>

<bean id="order6" class="domain.Order">
	<property name="ticker" value="010221-plpl" />
	<property name="placementMoment" value="05/03/2014 10:00" />
	<property name="name" value="Order 6" />
	<property name="address" value="C/ Order 6" />
	<property name="deliverMoment" ><null/></property>
	<property name="cancelMoment"><null/></property>
		<property name="comments">
		<list>	
	</list>	
	</property>
	<property name="creditCard" ref="creditCard1"/>
		<property name="orderItems">
		<list>	
	</list>	
	</property>
	<property name="clerk"><null/></property>
	<property name="consumer" ref="consumer1"/>
</bean>

<bean id="warehouse3" class="domain.Warehouse">
	<property name="name" value="Warehouse 3" />
	<property name="address" value="Address 3" />	
	<property name="items">
		<list>
	</list>
	</property>
	<property name="stores">
		<list>
		<ref bean="stores4" />
	</list>
	</property>
</bean>

<bean id="warehouse2" class="domain.Warehouse">
	<property name="name" value="Warehouse 2" />
	<property name="address" value="Address 2" />	
	<property name="items">
		<list>
		<ref bean="item2" />
	</list>
	
	</property>
	<property name="stores">
		<list>
		<ref bean="stores2" />
	</list>
	</property>
</bean>
<bean id="warehouse4" class="domain.Warehouse">
	<property name="name" value="Warehouse 4" />
	<property name="address" value="Address 4" />	
	<property name="items">
		<list>
	</list>
	
	</property>
	<property name="stores">
		<list>
		<ref bean="stores5" />
	</list>
	</property>
</bean>
<bean id="warehouse5" class="domain.Warehouse">
	<property name="name" value="Warehouse 5" />
	<property name="address" value="Address 5" />	
	<property name="items">
		<list>
	
	</list>
	
	</property>
	<property name="stores">
		<list>
		
	</list>
	</property>
</bean>
<bean id="warehouse6" class="domain.Warehouse">
	<property name="name" value="Warehouse 6" />
	<property name="address" value="Address 6" />	
	<property name="items">
		<list>
		
	</list>
	
	</property>
	<property name="stores">
		<list>
		
	</list>
	</property>
</bean>


<bean id="stores1" class="domain.Stores">
<property name="units" value="2" />
<property name="item" ref="item1" />
<property name="warehouse" ref="warehouse1" />
</bean>

<bean id="stores2" class="domain.Stores">
<property name="units" value="3" />
<property name="item" ref="item2" />
<property name="warehouse" ref="warehouse2" />

</bean>
<bean id="stores3" class="domain.Stores">
<property name="units" value="3" />
<property name="item" ref="item1" />
<property name="warehouse" ref="warehouse3" />

</bean>
<bean id="stores4" class="domain.Stores">
<property name="units" value="4" />
<property name="item" ref="item3" />
<property name="warehouse" ref="warehouse3" />

</bean>
<bean id="stores5" class="domain.Stores">
<property name="units" value="89" />
<property name="item" ref="item2" />
<property name="warehouse" ref="warehouse4" />

</bean>


<bean id="administrator1" class="domain.Administrator">
	
	<property name="name" value="Jro" />
	<property name="surname" value="jo" />
	<property name="email" value="sworld@hotmail.com" />
	<property name="phone" value="+34 956 12 356" />

	<property name="userAccount" ref="userAccount6" />
	
</bean>




</beans>