<?xml version="1.0" encoding="UTF-8"?>

<!-- 
 * i18n-l10n.xml
 *
 * Copyright (C) 2014 Universidad de Sevilla
 * Author (A) 2012 Rafael Corchuelo (corchu@us.es)
 * 
 * The use of this project is hereby constrained to the conditions of the 
 * TDG Licence, a copy of which you may download from 
 * http://www.tdg-seville.info/License.html
 -->

<beans xmlns="http://www.springframework.org/schema/beans"
	xmlns:xsi="http://www.w3.org/2001/XMLSchema-instance" xmlns:util="http://www.springframework.org/schema/util"
	xsi:schemaLocation="
		http://www.springframework.org/schema/beans http://www.springframework.org/schema/beans/spring-beans-4.0.xsd
		http://www.springframework.org/schema/util http://www.springframework.org/schema/util/spring-util-4.0.xsd 
	">

	<util:list id="messages">
		<value>/views/master-page/messages</value>
		<value>/views/misc/messages</value>
		<value>/views/security/messages</value>		
		<value>/views/welcome/messages</value>
		
		<value>/views/clerk/messages</value>
		<value>/views/warehouse/messages</value>
		<value>/views/tax/messages</value>
		<value>/views/userAccount/messages</value>
		<value>/views/administrator/messages</value>
		<value>/views/consumer/messages</value>
		<value>/views/item/messages</value>
		<value>/views/category/messages</value>
		<value>/views/item/messages</value>
		<value>/views/order/messages</value>
		<value>/views/profile/messages</value>
	</util:list>

</beans>